fec,loss_pct,seed,samples,delivered,delivery_ratio,mean_ms,p50_ms,p95_ms,p99_ms,late_ratio,encrypted_packets_seen,encrypted_packets_dropped,encrypted_forward_bytes,encrypted_reverse_bytes,encrypted_forward_traffic_x,cpu_ms_product,cpu_ms_dtls,cpu_ms_raw_fec,rss_peak_kb_product,warmup_delivery_ratio,product_proxy_seed,m1_fec_forward_bytes,security_bytes_delta_vs_m1,security_overhead_vs_m1_fec_pct,m1_p99_ms,p99_delta_vs_m1_ms,dtls_client_total_records,dtls_server_total_records
20:10,0,260824,200,200,1.0,77.47801889501716,74.4546559999435,90.4947719991469,90.50673000092502,0.0,209,0,90069,89933,1.75916015625,40.00000000000001,19.999999999999996,19.999999999999996,26992,1.0,260994,85129,4940,5.802957863947656,70.32653400074196,20.18019600018306,1425,1425
20:10,0,260825,200,200,1.0,70.26854461005314,70.34928299981402,70.87116299953777,71.50141700003587,0.0,209,0,89682,89940,1.7516015625,30.0,0,30.000000000000004,26996,1.0,260995,85215,4467,5.242034853018835,83.19959599975846,-11.698178999722586,1425,1425
20:10,0,260826,200,200,1.0,70.78417390499453,70.94479100123863,72.11921300040558,72.26607099983084,0.0,209,0,89871,89843,1.75529296875,19.99999999999999,10.0,10.000000000000002,27008,1.0,260996,85230,4641,5.445265751495952,72.9049589999704,-0.6388880001395592,1425,1425
20:10,1,260824,200,200,1.0,70.64212558503641,69.86215999859269,73.1653050006571,73.3438399984152,0.0,209,3,89907,89936,1.75599609375,30.0,9.999999999999998,20.000000000000004,27004,1.0,262003,85382,4525,5.2997118830666885,69.61876999957894,3.725069998836261,1425,1422
20:10,1,260825,200,200,1.0,69.29427877002126,69.24518099913257,69.65880399911839,70.96334400011983,0.0,209,3,90109,89757,1.75994140625,50.000000000000014,10.0,40.00000000000001,26896,1.0,262004,85240,4869,5.712106992022525,75.2315190002264,-4.268175000106567,1425,1422
20:10,1,260826,200,200,1.0,69.76030037993951,69.49731399981829,71.90290299877233,71.91314800002147,0.0,209,3,90063,89852,1.75904296875,10.000000000000009,0,10.0,26992,1.0,262005,85414,4649,5.442901632050952,71.86995900065085,0.043188993706136,1425,1422
20:10,15,260824,200,200,1.0,72.73984338005903,70.04662899998948,79.00082999913138,79.01214699995762,0.0,209,32,89923,89799,1.75630859375,40.00000000000001,0,40.00000000000001,27008,1.0,276129,85431,4492,5.258044503751566,92.50218400029553,-13.490037000337907,1425,1393
20:10,15,260825,200,200,1.0,72.08000883496425,72.13736000085191,76.48260399946594,76.55704600074387,0.0,209,33,89828,89979,1.754453125,40.00000000000001,10.000000000000002,30.00000000000007,26932,1.0,276130,85269,4559,5.346608966916464,76.61364399973536,-0.056597998991492204,1425,1392
20:10,15,260826,200,200,1.0,76.33901705992685,77.77967800029728,87.72434700040321,87.7440670010401,0.0,209,39,90150,89905,1.7607421875,20.00000000000018,0,20.0,26908,1.0,276131,85361,4789,5.610290413654948,70.77655700049945,16.967510000540642,1425,1386
